product_name_from_report,product_name_from_calculations_accepted,product_name_unified,product_category_accepted,product_cost_accepted,vat_rate_accepted,name_from_my_calculations,product_category_from_my_calculations,product_cost_my_calculations,vat_rate_my_calculations
Atlantic Wave roll | 8 szt,Atlantic Wave,Atlantic Wave roll | 8 szt,ROLKI AUTORSKIE,13.87,23.0,Akami Tamago roll,ROLKI AUTORSKIE,13.43,8.0
Awokado fresh roll | 8 szt,Awokado fresh roll,Awokado fresh roll | 8 szt,WEGE MENU,9.53,8.0,Atlantic Wave,ROLKI AUTORSKIE,13.87,23.0
Black dragon roll | 8 szt,Black dragon roll,Black dragon roll | 8 szt,ROLKI AUTORSKIE,18.29,8.0,Awokado delux,ROLKI AUTORSKIE,12.37,8.0
California KRAB-MIX | 8 szt,California KRAB,California KRAB-MIX | 8 szt,CALIFORNIA,7.71,8.0,Awokado fresh roll,WEGE MENU,9.53,8.0
California KREWETKA GOTOWANA | 8 szt,Calif krewetka 16/20,California KREWETKA GOTOWANA | 8 szt,CALIFORNIA,15.05,23.0,B. Wege,SUSHI BURGER,8.54,8.0
California KREWETKA PANKO | 8 szt,California KREW PANKO,California KREWETKA PANKO | 8 szt,CALIFORNIA,10.5,23.0,Black Philadelphia,PHILADELPHIA,15.04,8.0
California RAINBOW | 8 szt,California RAINBOW,California RAINBOW | 8 szt,CALIFORNIA,15.34,8.0,Black dragon roll,ROLKI AUTORSKIE,18.29,8.0
California SHIITAKE | 8 szt,California SHIITAKE,California SHIITAKE | 8 szt,WEGE MENU,9.77,8.0,Bonito roll,ROLKI AUTORSKIE,13.64,8.0
California TUŃCZYK SUROWY | 8 szt,California TUNA,California TUŃCZYK SUROWY | 8 szt,CALIFORNIA,13.22,8.0,Burger czarny ryż KREWETKA GOTOWANA,SUSHI BURGER,12.37,23.0
California Warzywa w tempurze | 8 szt,California Warzywa w tempurze,California Warzywa w tempurze | 8 szt,WEGE MENU,5.31,8.0,Burger grill łosoś,SUSHI BURGER,11.18,8.0
California z czarnym ryżem ŁOSOŚ SUROWY | 8 szt,C Black Surowy,California z czarnym ryżem ŁOSOŚ SUROWY | 8 szt,CALIFORNIA,12.98,8.0,Burger krewetka panko,SUSHI BURGER,13.4,23.0
California ŁOSOŚ GRILLOWANY | 8 szt,California GRILL,California ŁOSOŚ GRILLOWANY | 8 szt,CALIFORNIA,11.5,8.0,Burger łosoś surowy,SUSHI BURGER,11.91,8.0
California ŁOSOŚ SUROWY | 8 szt,California SUROWY,California ŁOSOŚ SUROWY | 8 szt,CALIFORNIA,12.98,8.0,C Black Surowy,CALIFORNIA,12.98,8.0
Canada roll | 8 szt,Canada roll,Canada roll | 8 szt,ROLKI AUTORSKIE,17.63,8.0,Calif LOSOS I SEZAM,CALIFORNIA,11.69,8.0
Coca cola 0.5l,,Coca cola 0.5l,NAPOJE,7,23,Calif krewetka 16/20,CALIFORNIA,15.05,23.0
Coca cola zero 0.5l,,Coca cola zero 0.5l,NAPOJE,7,23,California GRILL,CALIFORNIA,11.5,8.0
Duo set | 28 szt,Duo set | 28 szt,Duo Set | 28 szt,ZESTAWY,34.6,8.0,California KRAB,CALIFORNIA,7.71,8.0
Fanta jagoda 0.33l,,Fanta jagoda 0.33l,NAPOJE,6,23,California KREW PANKO,CALIFORNIA,10.5,23.0
Feliks roll | 8 szt,Feliks łosoś,Feliks roll | 8 szt,ROLKI AUTORSKIE,9.74,8.0,California RAINBOW,CALIFORNIA,15.34,8.0
Feliks z łososiem | 8 szt,Feliks łosoś,Feliks roll | 8 szt,ROLKI AUTORSKIE,9.74,8.0,California SHIITAKE,WEGE MENU,9.77,8.0
Frytki z batatów (bez sosu),,Frytki z batatów (bez sosu),DODATKI,3.8,8,California SUROWY,CALIFORNIA,12.98,8.0
Frytki z batatów (z sosem spicy - majo),,Frytki z batatów (z sosem spicy - majo),DODATKI,4.7,8,California TUNA,CALIFORNIA,13.22,8.0
Frytki z batatów (z sosem śliwkowym),,Frytki z batatów (z sosem śliwkowym),DODATKI,4.7,8,California Warzywa w tempurze,WEGE MENU,5.31,8.0
Fuji roll | 8 szt,Fuji roll,Fuji roll | 8 szt,ROLKI AUTORSKIE,14.86,8.0,Canada roll,ROLKI AUTORSKIE,17.63,8.0
Futomaki AWOKADO | 6 szt,Futo AWOKADO,Futomaki AWOKADO | 6 szt,WEGE MENU,5.93,8.0,Cheddar roll,ROLKI AUTORSKIE,13.67,23.0
Futomaki FIRE HARMONY | 6 szt,Futo FIRE HARMONY,Futomaki FIRE HARMONY | 6 szt,FUTOMAKI,10.7,23.0,Crunch tempura Bowl,BOWL,14.99,23.0
Futomaki FIRE HARMONY | 6 szt / 12 szt,Futo FIRE HARMONY,Futomaki FIRE HARMONY | 6 szt / 12 szt,FUTOMAKI,10.7,23.0,Duo set | 28 szt,ZESTAWY,34.6,8.0
Futomaki FRESH ROLL | 6 szt,Futo FRESH ROLL,Futomaki FRESH ROLL | 6 szt,FUTOMAKI,6.39,8.0,Feliks łosoś,ROLKI AUTORSKIE,9.74,8.0
Futomaki FRESH ROLL | 6 szt / 12 szt,Futo FRESH ROLL,Futomaki FRESH ROLL | 6 szt / 12 szt,FUTOMAKI,6.39,8.0,Fibonacci roll,FUTOMAKI,15.21,23.0
Futomaki GRZYBY SHIITAKE | 6 szt,Futo SHIITAKE,Futomaki GRZYBY SHIITAKE | 6 szt,WEGE MENU,6.61,8.0,Fuji roll,ROLKI AUTORSKIE,14.86,8.0
Futomaki KALMAR PANKO | 6 szt,Futo KALMAR TEMPURA,Futomaki KALMAR PANKO | 6 szt,FUTOMAKI,5.7,23.0,Futo AWOKADO,WEGE MENU,5.93,8.0
Futomaki KALMAR PANKO | 6 szt / 12 szt,Futo KALMAR TEMPURA,Futomaki KALMAR PANKO | 6 szt / 12 szt,FUTOMAKI,5.7,23.0,Futo EBI,FUTOMAKI,8.33,23.0
Futomaki KREWETKA EBI | 6 szt,Futo EBI,Futomaki KREWETKA EBI | 6 szt,FUTOMAKI,8.33,23.0,Futo FIRE HARMONY,FUTOMAKI,10.7,23.0
Futomaki KREWETKA EBI | 6 szt / 12 szt,Futo EBI,Futomaki KREWETKA EBI | 6 szt / 12 szt,FUTOMAKI,8.33,23.0,Futo FRESH ROLL,FUTOMAKI,6.39,8.0
Futomaki KREWETKA PANKO | 6 szt,Futo KREWETKA TEMPURA,Futomaki KREWETKA PANKO | 6 szt,FUTOMAKI,8.72,23.0,Futo GRILL,FUTOMAKI,7.51,8.0
Futomaki KREWETKA PANKO | 6 szt / 12 szt,Futo KREWETKA TEMPURA,Futomaki KREWETKA PANKO | 6 szt / 12 szt,FUTOMAKI,8.72,23.0,Futo KALMAR TEMPURA,FUTOMAKI,5.7,23.0
Futomaki MANGO | 6 szt,Futo MANGO,Futomaki MANGO | 6 szt,WEGE MENU,5.3,8.0,Futo KRAB TEMPURA,FUTOMAKI,13.88,23.0
Futomaki OMLET TAMAGO | 6 szt,,Futomaki OMLET TAMAGO | 6 szt,WEGE MENU,2.5,8,Futo KREWETKA TEMPURA,FUTOMAKI,8.72,23.0
Futomaki TATAR Z ŁOSOSIA | 6 szt,Futo TATAR,Futomaki TATAR Z ŁOSOSIA | 6 szt,FUTOMAKI,10.75,8.0,Futo MANGO,WEGE MENU,5.3,8.0
Futomaki TATAR Z ŁOSOSIA | 6 szt / 12 szt,Futo TATAR,Futomaki TATAR Z ŁOSOSIA | 6 szt / 12 szt,FUTOMAKI,10.75,8.0,Futo SHIITAKE,WEGE MENU,6.61,8.0
Futomaki TUŃCZYK SUROWY | 6 szt,Futo TUNA,Futomaki TUŃCZYK SUROWY | 6 szt,FUTOMAKI,8.83,8.0,Futo SUROWY,FUTOMAKI,7.81,8.0
Futomaki TUŃCZYK SUROWY | 6 szt / 12 szt,Futo TUNA,Futomaki TUŃCZYK SUROWY | 6 szt / 12 szt,FUTOMAKI,8.83,8.0,Futo TATAR,FUTOMAKI,10.75,8.0
Futomaki WARZYWA W TEMPURZE | 6 szt,Futo WARZYWA TEMPURA,Futomaki WARZYWA W TEMPURZE | 6 szt,WEGE MENU,4.56,8.0,Futo TUNA,FUTOMAKI,8.83,8.0
Futomaki set | 48 szt,Futomaki set | 48 szt,Futomaki set | 48 szt,ZESTAWY,50.43,8.0,Futo WARZYWA TEMPURA,WEGE MENU,4.56,8.0
Futomaki ŁOSOŚ GRILLOWANY | 6 szt,Futo GRILL,Futomaki ŁOSOŚ GRILLOWANY | 6 szt,FUTOMAKI,7.51,8.0,Futo ŁOSOŚ TEMPURA,FUTOMAKI,8.84,8.0
Futomaki ŁOSOŚ GRILLOWANY | 6 szt / 12 szt,Futo GRILL,Futomaki ŁOSOŚ GRILLOWANY | 6 szt / 12 szt,FUTOMAKI,7.51,8.0,Futomaki set | 48 szt,ZESTAWY,50.43,8.0
Futomaki ŁOSOŚ SUROWY | 6 szt,Futo SUROWY,Futomaki ŁOSOŚ SUROWY | 6 szt,FUTOMAKI,7.81,8.0,Green dragon roll,ROLKI AUTORSKIE,15.28,8.0
Futomaki ŁOSOŚ SUROWY | 6 szt / 12 szt,Futo SUROWY,Futomaki ŁOSOŚ SUROWY | 6 szt / 12 szt,FUTOMAKI,7.81,8.0,Green fresh roll,ROLKI AUTORSKIE,9.93,8.0
Futomaki ŁOSOŚ W TEMPURZE | 6 szt,Futo ŁOSOŚ TEMPURA,Futomaki ŁOSOŚ W TEMPURZE | 6 szt,FUTOMAKI,8.84,8.0,Grill set | 30 szt,ZESTAWY,30.29,8.0
Futomaki ŁOSOŚ W TEMPURZE | 6 szt / 12 szt,Futo ŁOSOŚ TEMPURA,Futomaki ŁOSOŚ W TEMPURZE | 6 szt / 12 szt,FUTOMAKI,8.84,8.0,Gunk Ebi,GUNKANY,6.4,23.0
Green dragon roll | 8 szt,Green dragon roll,Green dragon roll | 8 szt,ROLKI AUTORSKIE,15.28,8.0,Gunk Maguro,GUNKANY,6.65,8.0
Green fresh roll | 8 szt,Green dragon roll,Green fresh roll | 8 szt,ROLKI AUTORSKIE,15.28,8.0,Gunk Łosoś,GUNKANY,5.81,8.0
Grill set | 30 szt,Grill set | 30 szt,Grill Set | 30 szt,ZESTAWY,30.29,8.0,Hikari set | 48 szt,ZESTAWY,55.05,8.0
Gunkan Ebi | 2 szt,Gunk Ebi,Gunkan Ebi | 2 szt,GUNKANY,6.4,23.0,Hoso awokado,HOSOMAKI,4.73,8.0
Gunkan ŁOSOŚ SUROWY | 2 szt,Gunk Łosoś,Gunkan ŁOSOŚ SUROWY | 2 szt,GUNKANY,5.81,8.0,Hoso grill,HOSOMAKI,6.12,8.0
Hosomaki AWOKADO | 8 szt,Hoso awokado,Hosomaki AWOKADO | 8 szt,HOSOMAKI,4.73,8.0,Hoso kanpyo,HOSOMAKI,3.88,8.0
Hosomaki KANPYO | 8 szt,Hoso kanpyo,Hosomaki KANPYO | 8 szt,HOSOMAKI,3.88,8.0,Hoso krew panko,HOSOMAKI,7.4,23.0
Hosomaki KREWETKA EBI | 8 szt,Hoso krewetka,Hosomaki KREWETKA EBI | 8 szt,HOSOMAKI,6.58,23.0,Hoso krewetka,HOSOMAKI,6.58,23.0
Hosomaki KREWETKA PANKO | 8 szt,Hoso krew panko,Hosomaki KREWETKA PANKO | 8 szt,HOSOMAKI,7.4,23.0,Hoso mango,HOSOMAKI,4.13,8.0
Hosomaki OGÓREK | 8 szt,Hoso ogórek,Hosomaki OGÓREK | 8 szt,HOSOMAKI,3.93,8.0,Hoso ogórek,HOSOMAKI,3.93,8.0
Hosomaki OSHINKO | 8 szt,Hoso oshinko,Hosomaki OSHINKO | 8 szt,HOSOMAKI,3.53,8.0,Hoso oshinko,HOSOMAKI,3.53,8.0
Hosomaki SEREK PHILADELPHIA | 8 szt,Hoso serek,Hosomaki SEREK PHILADELPHIA | 8 szt,HOSOMAKI,3.91,8.0,Hoso serek,HOSOMAKI,3.91,8.0
Hosomaki TUŃCZYK SUROWY | 8 szt,Hoso tuna,Hosomaki TUŃCZYK SUROWY | 8 szt,HOSOMAKI,7.13,8.0,Hoso surowy,HOSOMAKI,6.01,8.0
Hosomaki ŁOSOŚ GRILLOWANY | 8 szt,Hoso grill,Hosomaki ŁOSOŚ GRILLOWANY | 8 szt,HOSOMAKI,6.12,8.0,Hoso tuna,HOSOMAKI,7.13,8.0
Hosomaki ŁOSOŚ SUROWY | 8 szt,Hoso surowy,Hosomaki ŁOSOŚ SUROWY | 8 szt,HOSOMAKI,6.01,8.0,Hosomaki set | 56 szt,ZESTAWY,23.48,8.0
Imbir,,Imbir,DODATKI,0.19,8,Itsuki set | 24 szt,ZESTAWY,31.29,8.0
Kalmary w tempurze | 8 szt,PRZ Kalmar panko,Kalmary w tempurze | 8 szt,PRZEKĄSKI,6.03,23.0,Krabs-burger,SUSHI BURGER,12.27,8.0
Krabs - Burger,Krabs-burger,Krabs - Burger,SUSHI BURGER,12.27,8.0,Kurama set | 20 szt,ZESTAWY,27.91,8.0
Krewetki w tempurze | 6 szt,PRZ Krewetki w tempurze,Krewetki w tempurze | 6 szt,PRZEKĄSKI,11.29,23.0,Miso inari tofu,ZUPY,1.51,8.0
Miso inari tofu | 350 ml,Miso inari tofu,Miso inari tofu | 350 ml,ZUPY,1.51,8.0,Miso krewetki,ZUPY,5.45,23.0
Miso z krewetkami | 350 ml,Miso krewetki,Miso z krewetkami | 350 ml,ZUPY,5.45,23.0,Miso ramen,RAMEN,12.71,8.0
Miso z łososiem | 350 ml,Miso łosoś,Miso z łososiem | 350 ml,ZUPY,3.59,8.0,Miso łosoś,ZUPY,3.59,8.0
Miyagi set | 30 szt,Miyagi set | 30 szt,Miyagi Set | 30 szt,ZESTAWY,27.61,8.0,Misora set | 32 szt + napój,ZESTAWY,46.88,8.0
Nigiri WĘGORZ | 2 szt,Nigiri unagi,Nigiri węgorz | 2 szt,NIGIRI,6.74,8.0,Miyagi set | 30 szt,ZESTAWY,27.61,8.0
Nigiri awokado | 2 szt,Nigiri awokado,Nigiri awokado | 2 szt,NIGIRI,4.34,8.0,Nigiri awokado,NIGIRI,4.34,8.0
Nigiri węgorz | 2 szt,Nigiri unagi,Nigiri węgorz | 2 szt,NIGIRI,6.74,8.0,Nigiri ebi,NIGIRI,4.29,23.0
Nigiri ŁOSOŚ | 2 szt,Nigiri łosoś,Nigiri łosoś | 2 szt,NIGIRI,5.65,8.0,Nigiri tuna,NIGIRI,6.74,8.0
Nigiri łosoś grillowany | 2 szt,Nigiri łosoś,Nigiri łosoś grillowany | 2 szt,NIGIRI,5.65,8.0,Nigiri unagi,NIGIRI,6.74,8.0
Nigiri łosoś | 2 szt,Nigiri łosoś,Nigiri łosoś | 2 szt,NIGIRI,5.65,8.0,Nigiri łosoś,NIGIRI,5.65,8.0
PROMO 1+1=3 Sushi burgery,Promo Burger 1+1,PROMO 1+1=3 Sushi burgery,SUSHI BURGER,35.36,8.0,Ocean roll,ROLKI AUTORSKIE,17.37,23.0
Pałeczki,,Pałeczki,DODATKI,0.1,23,PRZ Kalmar panko,PRZEKĄSKI,6.03,23.0
Philadelphia grill | 8 szt,Phila GRILL,Philadelphia grill | 8 szt,PHILADELPHIA,15.33,8.0,PRZ Krewetki w tempurze,PRZEKĄSKI,11.29,23.0
Philadelphia krewetka ebi | 8 szt,Phila EBI,Philadelphia krewetka ebi | 8 szt,PHILADELPHIA,11.59,23.0,Phila CHEDDAR,PHILADELPHIA,14.47,8.0
Philadelphia mix | 8 szt,Philadelia MIX,Philadelphia mix | 8 szt,PHILADELPHIA,14.28,8.0,Phila CHEESE,PHILADELPHIA,12.18,8.0
Philadelphia tuńczyk | 8 szt,Phila TUNA,Philadelphia tuńczyk | 8 szt,PHILADELPHIA,15.3,8.0,Phila EBI,PHILADELPHIA,11.59,23.0
Philadelphia węgorz unagi | 8 szt,Phila WĘGORZ,Philadelphia węgorz unagi | 8 szt,PHILADELPHIA,14.02,8.0,Phila GRILL,PHILADELPHIA,15.33,8.0
Philadelphia z czarnym ryżem | 8 szt,Phila ŁOSOŚ,Philadelphia z czarnym ryżem | 8 szt,PHILADELPHIA,14.42,8.0,Phila KRAB-MIX,PHILADELPHIA,12.66,8.0
Philadelphia łosoś | 8 szt,Phila ŁOSOŚ,Philadelphia łosoś | 8 szt,PHILADELPHIA,14.42,8.0,Phila TUNA,PHILADELPHIA,15.3,8.0
Philadelphia сheddar | 8 szt,Phila CHEDDAR,Philadelphia cheddar | 8 szt,PHILADELPHIA,14.47,8.0,Phila WĘGORZ,PHILADELPHIA,14.02,8.0
Pomocnik do pałeczek,,Pomocnik do pałeczek,DODATKI,0.5,23,Phila ŁOSOŚ,PHILADELPHIA,14.42,8.0
Red alert roll | 8 szt,Red allert roll,Red alert roll | 8 szt,ROLKI AUTORSKIE,15.51,23.0,Philadelia MIX,PHILADELPHIA,14.28,8.0
Red dragon roll | 8 szt,Red Dragon roll,Red dragon roll | 8 szt,ROLKI AUTORSKIE,14.85,23.0,Philadelphia | 24 szt,ZESTAWY,38.04,8.0
Rolka w tempurze KREWETKA EBI | 8 szt,RT Ebi,Rolka w tempurze KREWETKA EBI | 8 szt,ROLKI W TEMPURZE,13.79,23.0,Premium sake set | 38 szt,ZESTAWY,49.59,8.0
Rolka w tempurze ŁOSOŚ SUROWY | 8 szt,RT Surowy,Rolka w tempurze ŁOSOŚ SUROWY | 8 szt,ROLKI W TEMPURZE,12.89,8.0,Promo 1 + 1 SOBAKI VIBE,SUSHI DOG,22.16,8.0
Saga roll | 8 szt,Saga roll,Saga roll | 8 szt,ROLKI AUTORSKIE,16.78,23.0,Promo Burger 1+1,SUSHI BURGER,35.36,8.0
Sakura set | 62 szt,Sakura set | 62 szt,Sakura Set | 62 szt,ZESTAWY,69.78,8.0,RT Ebi,ROLKI W TEMPURZE,13.79,23.0
Sałatka wakame,,Sałatka wakame,PRZEKĄSKI,2.5,8,RT Grill,ROLKI W TEMPURZE,12.31,8.0
Sos sojowy,,Sos sojowy,DODATKI,0.5,8,RT Hoso GRILL,ROLKI W TEMPURZE,6.0,8.0
Sos sojowy 30ml,,Sos sojowy 30ml,DODATKI,0.5,8,RT Surowy,ROLKI W TEMPURZE,12.89,8.0
Sos spicy majo 30ml,,Sos spicy majo 30ml,DODATKI,1,8,Red Dragon roll,ROLKI AUTORSKIE,14.85,23.0
Sos teriyaki 30ml,,Sos teriyaki 30ml,DODATKI,1,8,Red allert roll,ROLKI AUTORSKIE,15.51,23.0
Sos unagi,,Sos unagi,DODATKI,1,8,SD Grill + wakame,SUSHI DOG,6.6,8.0
Sos unagi 30ml,,Sos unagi 30ml,DODATKI,1,8,SD MR_KRABS,SUSHI DOG,8.84,8.0
Sos śliwkowy 30ml,,Sos śliwkowy 30ml,DODATKI,1,8,SD kalmar + tatar,SUSHI DOG,6.71,8.0
Spicy majo,,Spicy majo,DODATKI,1,8,Saga roll,ROLKI AUTORSKIE,16.78,23.0
Sunrise roll | 8 szt,Sunrise roll,Sunrise roll | 8 szt,ROLKI AUTORSKIE,14.16,23.0,Sakura set | 62 szt,ZESTAWY,69.78,8.0
Sushi burger KREWETKA GOTOWANA,Burger czarny ryż KREWETKA GOTOWANA,Sushi burger KREWETKA GOTOWANA,SUSHI BURGER,12.37,23.0,Salmon wakame Bowl,BOWL,12.03,8.0
Sushi burger KREWETKA PANKO,Burger krewetka panko,Sushi burger KREWETKA PANKO,SUSHI BURGER,13.4,23.0,Shrimp Bowl,BOWL,14.75,23.0
Sushi burger WEGE,B. Wege,Sushi burger WEGE,SUSHI BURGER,8.54,8.0,Sunrise roll,ROLKI AUTORSKIE,14.16,23.0
Sushi burger ŁOSOŚ GRILLOWANY,Burger grill łosoś,Sushi burger ŁOSOŚ GRILLOWANY,SUSHI BURGER,11.18,8.0,Sushi dog SHIITAKE,SUSHI DOG,5.48,8.0
Sushi burger ŁOSOŚ SUROWY,Burger łosoś surowy,Sushi burger ŁOSOŚ SUROWY,SUSHI BURGER,11.91,8.0,Takumi roll,ROLKI AUTORSKIE,13.59,23.0
Tempura fusion roll | 8 szt,Tempura fusion roll,Tempura fusion roll | 8 szt,ROLKI AUTORSKIE,12.44,23.0,Tantamen ramen,RAMEN,18.48,8.0
Teriyaki,,Teriyaki,DODATKI,1,8,Tempura fusion roll,ROLKI AUTORSKIE,12.44,23.0
Tiger roll | 8 szt,Tiger roll,Tiger roll | 8 szt,ROLKI AUTORSKIE,15.02,23.0,Tiger roll,ROLKI AUTORSKIE,15.02,23.0
Tokyo roll | 8 szt,Tokyo roll,Tokyo roll | 8 szt,ROLKI AUTORSKIE,14.03,23.0,Tokyo roll,ROLKI AUTORSKIE,14.03,23.0
Vibe roll ŁOSOŚ SUROWY | 8 szt,,Vibe roll ŁOSOŚ SUROWY | 8 szt,ROLKI AUTORSKIE,10.28,8,Vibe Roll Krewetka,ROLKI AUTORSKIE,10.28,23.0
Vibe set | 32 szt,Vibe set | 32 szt,Vibe Set | 32 szt,ZESTAWY,50.77,8.0,Vibe set | 32 szt,ZESTAWY,50.77,8.0
Warzywa w tempurze | 8 szt,California Warzywa w tempurze,Warzywa w tempurze | 8 szt,WEGE MENU,5.31,8.0,Wakame,PRZEKĄSKI,1.96,8.0
Wasabi,,Wasabi,DODATKI,0.3,8,Wege set | 44 szt,WEGE MENU,22.94,8.0
Wege set | 38 szt,Wege set | 44 szt,Wege set | 38 szt,WEGE MENU,22.94,8.0,Yakuza roll,ROLKI AUTORSKIE,17.24,23.0
Yakuza roll | 8 szt,Yakuza roll,Yakuza roll | 8 szt,ROLKI AUTORSKIE,17.24,23.0,Yami set | 38 szt (Black Friday),ZESTAWY,45.83,8.0
Zapieczona rolka FELIX | 8 szt (NOWOŚĆ),ZR Felix,Zapieczona rolka FELIX | 8 szt,ROLKI ZAPIECZONE,10.83,8.0,ZR Felix,ROLKI ZAPIECZONE,10.83,8.0
Zapieczona rolka KRAB-MIX | 8 szt,ZR Krab,Zapieczona rolka KRAB-MIX | 8 szt,ROLKI ZAPIECZONE,7.53,8.0,ZR Krab,ROLKI ZAPIECZONE,7.53,8.0
Zapieczona rolka KREWETKA & MANGO | 8 szt,ZR Krewetka Ebi & Mango,Zapieczona rolka KREWETKA & MANGO | 8 szt,ROLKI ZAPIECZONE,12.91,23.0,ZR Krewetka Ebi & Mango,ROLKI ZAPIECZONE,12.91,23.0
Zapieczona rolka KREWETKA TEMPURA | 8 szt,ZR Krewetka panko,Zapieczona rolka KREWETKA TEMPURA | 8 szt,ROLKI ZAPIECZONE,12.26,23.0,ZR Krewetka panko,ROLKI ZAPIECZONE,12.26,23.0
Zapieczona rolka ŁOSOŚ SUROWY | 8 szt,ZR Surowy,Zapieczona rolka ŁOSOŚ SUROWY | 8 szt,ROLKI ZAPIECZONE,12.11,8.0,ZR Krewetki,ROLKI ZAPIECZONE,13.31,23.0
Zestaw Amour | 36 szt,Zestaw Amour | 36 szt,Zestaw Amour | 36 szt,ZESTAWY,42.75,8.0,ZR Surowy,ROLKI ZAPIECZONE,12.11,8.0
Zestaw Duo | 28 szt,Duo set | 28 szt,Duo Set | 28 szt,ZESTAWY,34.6,8.0,ZR Łosoś pieczony,ROLKI ZAPIECZONE,10.58,8.0
Zestaw Grill | 30 szt,Grill set | 30 szt,Grill Set | 30 szt,ZESTAWY,30.29,8.0,Zestaw Amour | 36 szt,ZESTAWY,42.75,8.0
Zestaw Hikari | 48 szt,Hikari set | 48 szt,Zestaw Hikari | 48 szt,ZESTAWY,55.05,8.0,Zestaw Philadelphia + Krabs Burger -50%,SUSHI BURGER,50.3,8.0
Zestaw Hosomaki | 56 szt,Hosomaki set | 56 szt,Zestaw Hosomaki | 56 szt,ZESTAWY,23.48,8.0,Zestaw startowy | 16 szt,ZESTAWY,20.13,8.0
Zestaw Kurama | 20 szt,Kurama set | 20 szt,Zestaw Kurama | 20 szt,ZESTAWY,27.91,8.0,,,,
Zestaw Miyagi | 30 szt,Miyagi set | 30 szt,Miyagi Set | 30 szt,ZESTAWY,27.61,8.0,,,,
Zestaw Philadelphia + Krabs Burger -50%,Zestaw Philadelphia + Krabs Burger -50%,Zestaw Philadelphia + Krabs Burger -50%,SUSHI BURGER,50.3,8.0,,,,
Zestaw Philadelphia | 24 szt,Philadelphia | 24 szt,Zestaw Philadelphia | 24 szt,ZESTAWY,38.04,8.0,,,,
Zestaw Sakura | 62 szt,Sakura set | 62 szt,Sakura Set | 62 szt,ZESTAWY,69.78,8.0,,,,
Zestaw Startowy | 16 szt,Zestaw startowy | 16 szt,Zestaw Startowy | 16 szt,ZESTAWY,20.13,8.0,,,,
Zestaw Vibe | 32 szt,Vibe set | 32 szt,Vibe Set | 32 szt,ZESTAWY,50.77,8.0,,,,
Zestaw Yami | 38 szt,Yami set | 38 szt (Black Friday),Zestaw Yami | 38 szt,ZESTAWY,45.83,8.0,,,,
Śliwkowy,,Śliwkowy,DODATKI,1,8,,,,
,,
