Typ,Nazwa przedmiotu,Sprzedany,Cena,Okres,Location
Pozycja,Futomaki ŁOSOŚ GRILLOWANY | 6 szt,14,532,14.07.2026-14.07.2026,VIBE SUSHI
Pozycja,Futomaki FRESH ROLL | 6 szt,6,210,14.07.2026-14.07.2026,VIBE SUSHI
Pozycja,Futomaki KALMAR PANKO | 6 szt,4,128,14.07.2026-14.07.2026,VIBE SUSHI
Pozycja,Sos spicy majo 30ml,2,8,14.07.2026-14.07.2026,VIBE SUSHI
Pozycja,Sushi burger ŁOSOŚ GRILLOWANY,2,130,14.07.2026-14.07.2026,VIBE SUSHI
Pozycja,California KREWETKA PANKO | 8 szt,1,58,14.07.2026-14.07.2026,VIBE SUSHI
Pozycja,Feliks roll | 8 szt,1,45,14.07.2026-14.07.2026,VIBE SUSHI
Pozycja,Miso inari tofu | 350 ml,1,33,14.07.2026-14.07.2026,VIBE SUSHI
Pozycja,PROMO 1+1=3 Sushi burgery,1,120,14.07.2026-14.07.2026,VIBE SUSHI
Pozycja,Philadelphia łosoś | 8 szt,1,55,14.07.2026-14.07.2026,VIBE SUSHI
Pozycja,Sałatka wakame,1,18,14.07.2026-14.07.2026,VIBE SUSHI
Pozycja,California TUŃCZYK SUROWY | 8 szt,1,55,14.07.2026-14.07.2026,VIBE SUSHI
Dodatek,Sos sojowy 30ml,4,12,14.07.2026-14.07.2026,VIBE SUSHI
Dodatek,Imbir,2,6,14.07.2026-14.07.2026,VIBE SUSHI
Dodatek,Sos unagi 30ml,2,6,14.07.2026-14.07.2026,VIBE SUSHI
Dodatek,Sos śliwkowy 30ml,2,6,14.07.2026-14.07.2026,VIBE SUSHI