ПОЗИЦИЯ,КАТЕГОРИЯ,СОСТОЯНИЕ,РЕСТ,РАСХОДЫ,VAT ПРОЦ,ОФЕР 25%,НОВАЯ ЦЕНА,ЦЕНА БРУТТО,ЦЕНА ОДБЮР,VAT,ЦЕНА НЕТТО,ПРОФИТ,МАРЖА,FC,ОФЕР_Д,БРУТТО_Д,ПРОВИЗИЯ_Д,VAT 8%_Д,ПОЛУЧАЕМ ОТ НИХ_Д,ЧИСТЯК_Д,ПРОФИТ_Д,МАРЖА_Д,FC_Д
Miso krewetki,ZUPY,Активно,Vibe,5.45,23,26.79,22,27,24.3,5.589,18.711,13.27,70.90%,29.1%,35.39,40.00,16.00,3.20,24.00,20.80,15.35,73.82%,26.18%
Miso łosoś,ZUPY,Активно,Vibe,3.59,8,15.50,,27,24.3,1.944,22.356,18.77,83.95%,16.0%,23.32,30.00,12.00,2.40,18.00,15.60,12.01,77.00%,23.00%
Miso inari tofu,ZUPY,Активно,Vibe,1.51,8,6.52,,25,22.5,1.8,20.7,19.19,92.71%,7.3%,9.81,11.00,4.40,0.88,6.60,5.72,4.21,73.62%,26.38%
Promo set | 10 szt PROMO,ZESTAWY,Активно,Rice,14.93,8,45.94,,0,0,0,0,-14.93,,,97.02,70.00,28.00,5.60,42.00,36.40,21.47,58.99%,41.01%
NESUROWE set | 10 szt PROMO,ZESTAWY,Активно,Rice,15.27,8,46.99,,0,0,0,0,-15.27,,,99.24,70.00,28.00,5.60,42.00,36.40,21.13,58.06%,41.94%
Zestaw Phila | 16 szt,ZESTAWY,Активно,Rice,18.21,8,56.05,65,64.6,64.6,5.168,59.432,41.22,69.36%,30.6%,118.37,89.60,35.84,7.17,53.76,46.59,28.38,60.91%,39.09%
Studencki |  32 szt,ZESTAWY,Активно,Rice,18.90,8,58.18,68,65.6,65.6,5.248,60.352,41.45,68.68%,31.3%,122.87,91.60,36.64,7.33,54.96,47.63,28.73,60.31%,39.69%
Zestaw Hosomaki | 40 szt,ZESTAWY,Активно,Rice,20.57,8,63.32,74,74.6,74.6,5.968,68.632,48.06,70.03%,30.0%,133.71,103.60,41.44,8.29,62.16,53.87,33.30,61.82%,38.18%
Akira | 24 szt,ZESTAWY,Активно,Rice,24.99,8,76.93,90,89.6,89.6,7.168,82.432,57.44,69.68%,30.3%,162.45,124.60,49.84,9.97,74.76,64.79,39.80,61.43%,38.57%
Tokio | 28 szt,ZESTAWY,Активно,Rice,25.50,8,78.49,92,91.6,91.6,7.328,84.272,58.77,69.74%,30.3%,165.76,127.60,51.04,10.21,76.56,66.35,40.85,61.57%,38.43%
Zestaw Yuki | 38 szt,ZESTAWY,Активно,Rice,25.94,8,79.83,,92.6,92.6,7.408,85.192,59.26,69.55%,30.4%,168.59,129.60,51.84,10.37,77.76,67.39,41.46,61.51%,38.49%
Tsunami | 24 szt,ZESTAWY,Активно,Rice,26.08,8,80.27,94,93.6,93.6,7.488,86.112,60.03,69.72%,30.3%,169.50,130.60,52.24,10.45,78.36,67.91,41.83,61.60%,38.40%
Bonsai | 32 szt,ZESTAWY,Активно,Rice,28.99,8,89.23,104,104.6,104.6,8.368,96.232,67.24,69.87%,30.1%,188.44,145.60,58.24,11.65,87.36,75.71,46.72,61.71%,38.29%
Zestaw Yamato | 24 szt PROMO,ZESTAWY,Активно,Rice,30.27,8,93.18,,,,0,0,-30.27,,,196.77,,0.00,0.00,0.00,0.00,-30.27,,
Zestaw trzech smoków | 24 szt,ZESTAWY,Активно,Rice,30.99,8,95.38,111,109.6,109.6,8.768,100.832,69.84,69.27%,30.7%,201.42,152.60,61.04,12.21,91.56,79.35,48.36,60.95%,39.05%
Zestaw msc | 32 szt,ZESTAWY,Активно,Rice,33.15,8,102.04,119,119.6,119.6,9.568,110.032,76.88,69.87%,30.1%,215.49,166.60,66.64,13.33,99.96,86.63,53.48,61.73%,38.27%
Premium zestaw | 32 szt,ZESTAWY,Активно,Rice,40.06,8,123.29,144,144.6,144.6,11.568,133.032,92.98,69.89%,30.1%,260.36,201.60,80.64,16.13,120.96,104.83,64.78,61.79%,38.21%
Grand Philadelphia | 40 szt,ZESTAWY,Активно,Rice,40.61,8,125.00,146,145.6,145.6,11.648,133.952,93.34,69.68%,30.3%,263.97,203.60,81.44,16.29,122.16,105.87,65.26,61.64%,38.36%
Harmonia | 56 szt,ZESTAWY,Активно,Rice,45.23,8,139.23,163,159.6,159.6,12.768,146.832,101.60,69.19%,30.8%,294.02,222.60,89.04,17.81,133.56,115.75,70.52,60.92%,39.08%
Tornado | 80 szt,ZESTAWY,Активно,Rice,73.42,8,225.99,264,259.6,259.6,20.768,238.832,165.41,69.26%,30.7%,477.24,362.60,145.04,29.01,217.56,188.55,115.13,61.06%,38.94%
Zestaw startowy | 16 szt,ZESTAWY,Активно,Vibe,20.13,8,86.98,,81.9,73.71,5.8968,67.8132,47.68,70.31%,29.7%,130.87,,0.00,0.00,0.00,0.00,-20.13,,
Hosomaki set | 56 szt,ZESTAWY,Активно,Vibe,23.48,8,101.44,,100,90,7.2,82.8,59.32,71.64%,28.4%,152.62,130.00,52.00,10.40,78.00,67.60,44.12,65.27%,34.73%
Miyagi set | 30 szt,ZESTAWY,Активно,Vibe,27.61,8,119.28,,130,117,9.36,107.64,80.03,74.35%,25.7%,179.48,140.00,28.00,11.20,112.00,100.80,73.19,72.61%,27.39%
Kurama set | 20 szt,ZESTAWY,Активно,Vibe,27.91,8,120.55,,130,117,9.36,107.64,79.73,74.08%,25.9%,181.39,175.00,70.00,14.00,105.00,91.00,63.09,69.33%,30.67%
Grill set | 30 szt,ZESTAWY,Активно,Vibe,30.29,8,130.84,,135,121.5,9.72,111.78,81.49,72.90%,27.1%,196.87,170.00,68.00,13.60,102.00,88.40,58.11,65.74%,34.26%
Duo set | 28 szt,ZESTAWY,Активно,Vibe,34.60,8,149.45,,160,144,11.52,132.48,97.88,73.89%,26.1%,224.87,180.00,72.00,14.40,108.00,93.60,59.00,63.04%,36.96%
Philadelphia | 24 szt,ZESTAWY,Активно,Vibe,38.04,8,164.33,,170,153,12.24,140.76,102.72,72.98%,27.0%,247.25,210.00,84.00,16.80,126.00,109.20,71.16,65.17%,34.83%
Zestaw Amour | 36 szt,ZESTAWY,Активно,Vibe,42.75,8,184.68,,195,175.5,14.04,161.46,118.71,73.52%,26.5%,277.87,230.00,92.00,18.40,138.00,119.60,76.85,64.26%,35.74%
Yami set | 38 szt (Black Friday),ZESTAWY,Активно,Vibe,45.83,8,198.00,,210,189,15.12,173.88,128.05,73.64%,26.4%,297.92,240.00,96.00,19.20,144.00,124.80,78.97,63.27%,36.73%
Premium sake set | 38 szt,ZESTAWY,Активно,Vibe,49.59,8,214.22,,260,234,18.72,215.28,165.69,76.97%,23.0%,322.33,300.00,120.00,24.00,180.00,156.00,106.41,68.21%,31.79%
Futomaki set | 48 szt,ZESTAWY,Активно,Vibe,50.43,8,217.86,,260,234,18.72,215.28,164.85,76.57%,23.4%,327.79,290.00,116.00,23.20,174.00,150.80,100.37,66.56%,33.44%
Vibe set | 32 szt,ZESTAWY,Активно,Vibe,50.77,8,219.31,,200,180,14.4,165.6,114.83,69.34%,30.7%,329.98,240.00,96.00,19.20,144.00,124.80,74.03,59.32%,40.68%
Hikari set | 48 szt,ZESTAWY,Активно,Vibe,55.05,8,237.82,,245,220.5,17.64,202.86,147.81,72.86%,27.1%,357.82,280.00,112.00,22.40,168.00,145.60,90.55,62.19%,37.81%
Sakura set | 62 szt,ZESTAWY,Активно,Vibe,69.78,8,301.46,,295,265.5,21.24,244.26,174.48,71.43%,28.6%,453.59,400.00,160.00,32.00,240.00,208.00,138.22,66.45%,33.55%
Itsuki set | 24 szt,ZESTAWY,Активно,Vibe,31.29,8,135.15,,120,108,8.64,99.36,68.07,68.51%,31.5%,203.35,,0.00,0.00,0.00,0.00,-31.29,,
Misora set | 32 szt + napój,ZESTAWY,Активно,Vibe,46.88,8,202.51,,170,153,12.24,140.76,93.88,66.70%,33.3%,304.70,,0.00,0.00,0.00,0.00,-46.88,,
California SHIITAKE,WEGE MENU,Активно,Vibe,9.77,8,42.19,,38,34.2,2.736,31.464,21.70,68.96%,31.0%,63.48,63.00,25.20,5.04,37.80,32.76,22.99,70.19%,29.81%
Futo SHIITAKE,WEGE MENU,Активно,Vibe,6.61,8,28.55,,26,23.4,1.872,21.528,14.92,69.30%,30.7%,42.95,42.00,16.80,3.36,25.20,21.84,15.23,69.74%,30.26%
Awokado fresh roll,WEGE MENU,Активно,Vibe,9.53,8,41.17,,38,34.2,2.736,31.464,21.93,69.71%,30.3%,61.94,50.00,20.00,4.00,30.00,26.00,16.47,63.35%,36.65%
Futo AWOKADO,WEGE MENU,Активно,Vibe,5.93,8,25.61,,25,22.5,1.8,20.7,14.77,71.37%,28.6%,38.53,38.00,15.20,3.04,22.80,19.76,13.83,70.00%,30.00%
Futo MANGO,WEGE MENU,Активно,Vibe,5.30,8,22.91,,25,22.5,1.8,20.7,15.40,74.38%,25.6%,34.48,34.00,13.60,2.72,20.40,17.68,12.38,70.00%,30.00%
Futo WARZYWA TEMPURA,WEGE MENU,Активно,Vibe,4.56,8,19.68,,25,22.5,1.8,20.7,16.14,77.99%,22.0%,29.62,32.00,12.80,2.56,19.20,16.64,12.08,72.62%,27.38%
Wege set | 44 szt,WEGE MENU,Активно,Vibe,22.94,8,99.09,,150,135,10.8,124.2,101.26,81.53%,18.5%,149.10,150.00,60.00,12.00,90.00,78.00,55.06,70.59%,29.41%
California Warzywa w tempurze,WEGE MENU,Активно,Vibe,5.31,8,22.94,,35,31.5,2.52,28.98,23.67,81.67%,18.3%,34.52,38.00,15.20,3.04,22.80,19.76,14.45,73.12%,26.88%
Sushi dog Losos,SUSHI DOG,Активно,Rice,7.17,8,22.07,26,27.6,27.6,2.208,25.392,18.22,71.76%,28.2%,46.61,38.60,15.44,3.09,23.16,20.07,12.90,64.27%,35.73%
Sushi dog krab mix,SUSHI DOG,Выключенно,Rice,5.56,8,17.12,,19.6,19.6,1.568,18.032,12.47,69.15%,30.8%,36.16,,0.00,0.00,0.00,0.00,-5.56,,
Sushi dog tuna,SUSHI DOG,Активно,Rice,7.89,8,24.29,28,28.6,28.6,2.288,26.312,18.42,70.01%,30.0%,51.29,39.60,15.84,3.17,23.76,20.59,12.70,61.68%,38.32%
Sushi dog Krewetka,SUSHI DOG,Активно,Rice,10.28,23,36.03,42,39.6,39.6,9.108,30.492,20.21,66.29%,33.7%,66.81,54.60,21.84,4.37,32.76,28.39,18.11,63.80%,36.20%
PROMO 1+1 SOBAKI RICE,SUSHI DOG,Активно,Rice,23.01,8,70.83,,74.6,74.6,5.968,68.632,45.62,66.47%,33.5%,149.58,103.60,41.44,8.29,62.16,53.87,30.86,57.28%,42.72%
Promo 1 + 1 SOBAKI VIBE,SUSHI DOG,Выключенно,Vibe,22.16,8,95.73,,80,72,5.76,66.24,44.08,66.55%,33.5%,144.04,,0.00,0.00,0.00,0.00,-22.16,,
SD MR_KRABS,SUSHI DOG,Выключенно,Vibe,8.84,8,38.21,,40,36,2.88,33.12,24.28,73.29%,26.7%,57.49,,0.00,0.00,0.00,0.00,-8.84,,
Sushi dog SHIITAKE,SUSHI DOG,Выключенно,Vibe,5.48,8,23.66,,30,27,2.16,24.84,19.36,77.95%,22.1%,35.61,,0.00,0.00,0.00,0.00,-5.48,,
SD Grill + wakame,SUSHI DOG,Выключенно,Vibe,6.60,8,28.52,,40,36,2.88,33.12,26.52,80.07%,19.9%,42.91,,0.00,0.00,0.00,0.00,-6.60,,
SD kalmar + tatar,SUSHI DOG,Выключенно,Vibe,6.71,8,29.00,,40,36,2.88,33.12,26.41,79.73%,20.3%,43.64,,0.00,0.00,0.00,0.00,-6.71,,
Promo Burger 1+1,SUSHI BURGER,Активно,Vibe,35.36,8,152.74,,120,108,8.64,99.36,64.00,64.42%,35.6%,229.81,,0.00,0.00,0.00,0.00,-35.36,,
Burger czarny ryż KREWETKA GOTOWANA,SUSHI BURGER,Активно,Vibe,12.37,23,60.87,,60,54,12.42,41.58,29.21,70.24%,29.8%,80.42,86.00,34.40,6.88,51.60,44.72,32.35,72.33%,27.67%
Burger krewetka panko,SUSHI BURGER,Активно,Vibe,13.40,23,65.91,,60,54,12.42,41.58,28.18,67.78%,32.2%,87.08,82.00,32.80,6.56,49.20,42.64,29.24,68.58%,31.42%
Krabs-burger,SUSHI BURGER,Активно,Vibe,12.27,8,52.99,,55,49.5,3.96,45.54,33.27,73.07%,26.9%,79.73,74.00,29.60,5.92,44.40,38.48,26.21,68.12%,31.88%
Burger łosoś surowy,SUSHI BURGER,Активно,Vibe,11.91,8,51.45,,60,54,4.32,49.68,37.77,76.03%,24.0%,77.41,90.00,36.00,7.20,54.00,46.80,34.89,74.55%,25.45%
Burger grill łosoś,SUSHI BURGER,Активно,Vibe,11.18,8,48.30,,60,54,4.32,49.68,38.50,77.50%,22.5%,72.67,85.00,34.00,6.80,51.00,44.20,33.02,74.71%,25.29%
B. Wege,SUSHI BURGER,Активно,Vibe,8.54,8,36.88,,50,45,3.6,41.4,32.86,79.38%,20.6%,55.49,58.00,23.20,4.64,34.80,30.16,21.62,71.69%,28.31%
Czerwony smok,SMOKI,Активно,Rice,7.87,8,24.23,28,28.6,28.6,2.288,26.312,18.44,70.09%,29.9%,51.16,39.60,15.84,3.17,23.76,20.59,12.72,61.78%,38.22%
Zielony smok,SMOKI,Активно,Rice,9.72,8,29.91,35,34.6,34.6,2.768,31.832,22.11,69.47%,30.5%,63.17,47.60,19.04,3.81,28.56,24.75,15.03,60.73%,39.27%
Czarny smok,SMOKI,Активно,Rice,11.57,8,35.60,42,42.6,42.6,3.408,39.192,27.63,70.49%,29.5%,75.19,59.60,23.84,4.77,35.76,30.99,19.43,62.68%,37.32%
Złoty smok,SMOKI,Активно,Rice,12.15,8,37.39,44,43.6,43.6,3.488,40.112,27.97,69.72%,30.3%,78.95,60.60,24.24,4.85,36.36,31.51,19.37,61.45%,38.55%
Roll's krew temp,ROLL'S,Выключенно,Rice,8.08,23,28.34,,25.6,25.6,5.888,19.712,11.63,58.99%,41.0%,52.54,,0.00,0.00,0.00,0.00,-8.08,,
Roll's krab-mix,ROLL'S,Выключенно,Rice,5.01,8,15.43,,14.6,14.6,1.168,13.432,8.42,62.67%,37.3%,32.59,,0.00,0.00,0.00,0.00,-5.01,,
Roll's awokado,ROLL'S,Выключенно,Rice,5.14,8,15.83,,15.6,15.6,1.248,14.352,9.21,64.16%,35.8%,33.43,,0.00,0.00,0.00,0.00,-5.14,,
Roll's tuna,ROLL'S,Выключенно,Rice,6.94,8,21.37,,22.6,22.6,1.808,20.792,13.85,66.61%,33.4%,45.13,,0.00,0.00,0.00,0.00,-6.94,,
Roll's rozochka masago,ROLL'S,Выключенно,Rice,9.23,8,28.42,,31.6,31.6,2.528,29.072,19.84,68.24%,31.8%,60.01,,0.00,0.00,0.00,0.00,-9.23,,
Roll's grill,ROLL'S,Выключенно,Rice,6.50,8,20.02,,22.6,22.6,1.808,20.792,14.29,68.72%,31.3%,42.27,,0.00,0.00,0.00,0.00,-6.50,,
Roll's surowy,ROLL'S,Выключенно,Rice,6.50,8,20.02,,22.6,22.6,1.808,20.792,14.29,68.72%,31.3%,42.27,,0.00,0.00,0.00,0.00,-6.50,,
Roll's syrnaja szapochka,ROLL'S,Выключенно,Rice,8.31,8,25.59,,29.6,29.6,2.368,27.232,18.92,69.47%,30.5%,54.04,,0.00,0.00,0.00,0.00,-8.31,,
Roll's Feniks,ROLL'S,Выключенно,Rice,13.91,8,42.81,,51.6,51.6,4.128,47.472,33.56,70.70%,29.3%,90.41,,0.00,0.00,0.00,0.00,-13.91,,
ZR Krewetki,ROLKI ZAPIECZONE,Выключенно,Vibe,13.31,23,65.49,,60,54,12.42,41.58,28.27,67.99%,32.0%,86.52,,0.00,0.00,0.00,0.00,-13.31,,
ZR Krewetka Ebi & Mango,ROLKI ZAPIECZONE,Активно,Vibe,12.91,23,63.52,,60,54,12.42,41.58,28.67,68.95%,31.0%,83.91,77.00,30.80,6.16,46.20,40.04,27.13,67.76%,32.24%
ZR Krewetka panko,ROLKI ZAPIECZONE,Активно,Vibe,12.26,23,60.31,,60,54,12.42,41.58,29.32,70.52%,29.5%,79.68,76.00,30.40,6.08,45.60,39.52,27.26,68.98%,31.02%
ZR Surowy,ROLKI ZAPIECZONE,Активно,Vibe,12.11,8,52.31,,60,54,4.32,49.68,37.57,75.62%,24.4%,78.71,90.00,36.00,7.20,54.00,46.80,34.69,74.12%,25.88%
ZR Felix,ROLKI ZAPIECZONE,Активно,Vibe,10.83,8,46.77,,60,54,4.32,49.68,38.85,78.21%,21.8%,70.38,82.00,32.80,6.56,49.20,42.64,31.81,74.61%,25.39%
ZR Łosoś pieczony,ROLKI ZAPIECZONE,Активно,Vibe,10.58,8,45.72,,60,54,4.32,49.68,39.10,78.70%,21.3%,68.79,81.00,32.40,6.48,48.60,42.12,31.54,74.88%,25.12%
ZR Krab,ROLKI ZAPIECZONE,Активно,Vibe,7.53,8,32.52,,50,45,3.6,41.4,33.87,81.82%,18.2%,48.93,50.00,20.00,4.00,30.00,26.00,18.47,71.05%,28.95%
Tempura krab-mix,ROLKI W TEMPURZE,Активно,Rice,6.19,8,19.04,22,22.6,22.6,1.808,20.792,14.61,70.25%,29.8%,40.21,31.60,12.64,2.53,18.96,16.43,10.25,62.35%,37.65%
Tempura maki Krewetka,ROLKI W TEMPURZE,Выключенно,Rice,9.22,23,32.30,,29.6,29.6,6.808,22.792,13.58,59.57%,40.4%,59.90,,0.00,0.00,0.00,0.00,-9.22,,
Tempura losos,ROLKI W TEMPURZE,Активно,Rice,9.48,8,29.18,34,34.6,34.6,2.768,31.832,22.35,70.22%,29.8%,61.62,47.60,19.04,3.81,28.56,24.75,15.27,61.70%,38.30%
Tempura tuna,ROLKI W TEMPURZE,Активно,Rice,10.46,8,32.19,38,38.6,38.6,3.088,35.512,25.05,70.55%,29.5%,67.99,53.60,21.44,4.29,32.16,27.87,17.41,62.47%,37.53%
Tempura tatar tunczyk,ROLKI W TEMPURZE,Выключенно,Rice,12.96,8,39.89,,40.6,40.6,3.248,37.352,24.39,65.30%,34.7%,84.24,,0.00,0.00,0.00,0.00,-12.96,,
Tempura maki Wegorz,ROLKI W TEMPURZE,Выключенно,Rice,7.47,8,22.98,,22.6,22.6,1.808,20.792,13.33,64.09%,35.9%,48.53,,0.00,0.00,0.00,0.00,-7.47,,
Tempura maki Losos,ROLKI W TEMPURZE,Выключенно,Rice,6.63,8,20.40,,22.6,22.6,1.808,20.792,14.17,68.13%,31.9%,43.07,,0.00,0.00,0.00,0.00,-6.63,,
RT Ebi,ROLKI W TEMPURZE,Активно,Vibe,13.79,23,67.83,,60,54,12.42,41.58,27.79,66.84%,33.2%,89.62,90.00,36.00,7.20,54.00,46.80,33.01,70.54%,29.46%
Tempura krewetka,ROLKI W TEMPURZE,Активно,Rice,11.01,23,38.59,45,39.6,39.6,9.108,30.492,19.48,63.90%,36.1%,71.55,54.60,21.84,4.37,32.76,28.39,17.38,61.23%,38.77%
RT Hoso GRILL,ROLKI W TEMPURZE,Активно,Vibe,6.00,8,25.90,,27,24.3,1.944,22.356,16.36,73.18%,26.8%,38.97,,0.00,0.00,0.00,0.00,-6.00,,
RT Surowy,ROLKI W TEMPURZE,Активно,Vibe,12.89,8,55.67,,60,54,4.32,49.68,36.79,74.06%,25.9%,83.76,96.00,38.40,7.68,57.60,49.92,37.03,74.19%,25.81%
RT Grill,ROLKI W TEMPURZE,Активно,Vibe,12.31,8,53.19,,60,54,4.32,49.68,37.37,75.21%,24.8%,80.04,92.00,36.80,7.36,55.20,47.84,35.53,74.26%,25.74%
Saga roll,ROLKI AUTORSKIE,Активно,Vibe,16.78,23,82.55,,62,55.8,12.834,42.966,26.19,60.95%,39.1%,109.06,85.00,34.00,6.80,51.00,44.20,27.42,62.04%,37.96%
Calif Krab mix,CALIFORNIA,Активно,Rice,5.22,8,16.05,19,19.6,19.6,1.568,18.032,12.82,71.08%,28.9%,33.90,26.60,10.64,2.13,15.96,13.83,8.62,62.30%,37.70%
Cheese roll,CALIFORNIA,Активно,Rice,5.69,8,17.50,20,20.6,20.6,1.648,18.952,13.27,70.00%,30.0%,36.96,28.60,11.44,2.29,17.16,14.87,9.19,61.77%,38.23%
Philadelphia Fruits,ROLKI AUTORSKIE,Выключенно,Rice,11.85,23,41.53,,,,0,0,-11.85,,,77.01,,0.00,0.00,0.00,0.00,-11.85,,
Krewetka w tempurze z węgorzem,ROLKI AUTORSKIE,Выключенно,Rice,14.66,23,51.41,,,,0,0,-14.66,,,95.32,,0.00,0.00,0.00,0.00,-14.66,,
Yakuza roll,ROLKI AUTORSKIE,Активно,Vibe,17.24,23,84.84,,65,58.5,13.455,45.045,27.80,61.72%,38.3%,112.09,90.00,36.00,7.20,54.00,46.80,29.56,63.15%,36.85%
Kiseki roll,CALIFORNIA,Активно,Rice,5.17,23,18.14,21,21.6,21.6,4.968,16.632,11.46,68.89%,31.1%,33.64,29.60,11.84,2.37,17.76,15.39,10.22,66.38%,33.62%
Calif grill,CALIFORNIA,Активно,Rice,6.69,8,20.59,24,24.6,24.6,1.968,22.632,15.94,70.44%,29.6%,43.49,33.60,13.44,2.69,20.16,17.47,10.78,61.71%,38.29%
Tiger roll,ROLKI AUTORSKIE,Активно,Vibe,15.02,23,73.92,,58,52.2,12.006,40.194,25.17,62.62%,37.4%,97.66,80.00,32.00,6.40,48.00,41.60,26.58,63.88%,36.12%
Tokyo roll,ROLKI AUTORSKIE,Активно,Vibe,14.03,23,69.02,,57,51.3,11.799,39.501,25.47,64.48%,35.5%,91.19,75.00,30.00,6.00,45.00,39.00,24.97,64.03%,35.97%
Sunrise roll,ROLKI AUTORSKIE,Активно,Vibe,14.16,23,69.68,,57,51.3,11.799,39.501,25.34,64.15%,35.9%,92.05,78.00,31.20,6.24,46.80,40.56,26.40,65.08%,34.92%
Atlantic Wave,ROLKI AUTORSKIE,Активно,Vibe,13.87,23,68.23,,60,54,12.42,41.58,27.71,66.65%,33.4%,90.15,76.00,30.40,6.08,45.60,39.52,25.65,64.91%,35.09%
Red Dragon roll,ROLKI AUTORSKIE,Активно,Vibe,14.85,23,73.04,,65,58.5,13.455,45.045,30.20,67.04%,33.0%,96.50,82.00,32.80,6.56,49.20,42.64,27.79,65.18%,34.82%
Red allert roll,ROLKI AUTORSKIE,Активно,Vibe,15.51,23,76.33,,67,60.3,13.869,46.431,30.92,66.59%,33.4%,100.85,80.00,32.00,6.40,48.00,41.60,26.09,62.70%,37.30%
Black dragon roll,ROLKI AUTORSKIE,Активно,Vibe,18.29,8,79.02,,70,63,5.04,57.96,39.67,68.44%,31.6%,118.89,95.00,38.00,7.60,57.00,49.40,31.11,62.97%,37.03%
Canada roll,ROLKI AUTORSKIE,Активно,Vibe,17.63,8,76.17,,67,60.3,4.824,55.476,37.84,68.22%,31.8%,114.61,84.00,33.60,6.72,50.40,43.68,26.05,59.63%,40.37%
Tempura fusion roll,ROLKI AUTORSKIE,Активно,Vibe,12.44,23,61.20,,55,49.5,11.385,38.115,25.68,67.36%,32.6%,80.86,68.00,27.20,5.44,40.80,35.36,22.92,64.82%,35.18%
Ocean roll,ROLKI AUTORSKIE,Активно,Vibe,17.37,23,85.48,,70,63,14.49,48.51,31.14,64.19%,35.8%,112.93,,0.00,0.00,0.00,0.00,-17.37,,
Akami Tamago roll,ROLKI AUTORSKIE,Активно,Vibe,13.43,8,58.04,,50,45,3.6,41.4,27.97,67.55%,32.5%,87.33,,0.00,0.00,0.00,0.00,-13.43,,
Bonito roll,ROLKI AUTORSKIE,Активно,Vibe,13.64,8,58.94,,55,49.5,3.96,45.54,31.90,70.04%,30.0%,88.69,,0.00,0.00,0.00,0.00,-13.64,,
Cheddar roll,ROLKI AUTORSKIE,Активно,Vibe,13.67,23,67.27,,65,58.5,13.455,45.045,31.37,69.65%,30.4%,88.87,,0.00,0.00,0.00,0.00,-13.67,,
Takumi roll,ROLKI AUTORSKIE,Активно,Vibe,13.59,23,66.89,,65,58.5,13.455,45.045,31.45,69.82%,30.2%,88.37,,0.00,0.00,0.00,0.00,-13.59,,
Green dragon roll,ROLKI AUTORSKIE,Активно,Vibe,15.28,8,66.02,,62,55.8,4.464,51.336,36.05,70.23%,29.8%,99.34,85.00,34.00,6.80,51.00,44.20,28.92,65.42%,34.58%
Awokado delux,ROLKI AUTORSKIE,Активно,Vibe,12.37,8,53.44,,55,49.5,3.96,45.54,33.17,72.84%,27.2%,80.41,,0.00,0.00,0.00,0.00,-12.37,,
Vibe Roll Krewetka,ROLKI AUTORSKIE,Активно,Vibe,10.28,23,50.58,,52,46.8,10.764,36.036,25.76,71.47%,28.5%,66.82,,0.00,0.00,0.00,0.00,-10.28,,
Fuji roll,ROLKI AUTORSKIE,Активно,Vibe,14.86,8,64.20,,67,60.3,4.824,55.476,40.61,73.21%,26.8%,96.60,80.00,32.00,6.40,48.00,41.60,26.74,64.28%,35.72%
Feliks łosoś,ROLKI AUTORSKIE,Активно,Vibe,9.74,8,42.07,,45,40.5,3.24,37.26,27.52,73.86%,26.1%,63.31,58.00,23.20,4.64,34.80,30.16,20.42,67.71%,32.29%
Green fresh roll,ROLKI AUTORSKIE,Активно,Vibe,9.93,8,42.90,,52,46.8,3.744,43.056,33.13,76.94%,23.1%,64.54,65.00,26.00,5.20,39.00,33.80,23.87,70.62%,29.38%
PRZ Krewetki w tempurze,PRZEKĄSKI,Активно,Vibe,11.29,23,55.56,,40,36,8.28,27.72,16.43,59.26%,40.7%,73.40,60.00,24.00,4.80,36.00,31.20,19.91,63.81%,36.19%
PRZ Kalmar panko,PRZEKĄSKI,Активно,Vibe,6.03,23,29.69,,35,31.5,7.245,24.255,18.22,75.12%,24.9%,39.23,40.00,16.00,3.20,24.00,20.80,14.77,70.99%,29.01%
Wakame,PRZEKĄSKI,Активно,Vibe,1.96,8,8.46,,15,13.5,1.08,12.42,10.46,84.24%,15.8%,12.72,20.00,8.00,1.60,12.00,10.40,8.44,81.18%,18.82%
Phila sezam,PHILADELPHIA,Активно,Rice,6.60,8,20.32,24,24.6,24.6,1.968,22.632,16.03,70.83%,29.2%,42.90,33.60,13.44,2.69,20.16,17.47,10.87,62.22%,37.78%
Philadelphia CZUKA,PHILADELPHIA,Активно,Rice,9.17,8,28.23,,32.6,32.6,2.608,29.992,20.82,69.42%,30.6%,59.61,45.60,18.24,3.65,27.36,23.71,14.54,61.32%,38.68%
Phila losos,PHILADELPHIA,Активно,Rice,8.75,8,26.92,31,32.6,32.6,2.608,29.992,21.25,70.84%,29.2%,56.85,45.60,18.24,3.65,27.36,23.71,14.97,63.11%,36.89%
Phila krab mix,PHILADELPHIA,Активно,Rice,8.76,8,26.95,,32.6,32.6,2.608,29.992,21.23,70.80%,29.2%,56.92,45.60,18.24,3.65,27.36,23.71,14.95,63.07%,36.93%
Phila ŁOSOŚ,PHILADELPHIA,Активно,Vibe,14.42,8,62.28,,55,49.5,3.96,45.54,31.12,68.34%,31.7%,93.71,95.00,38.00,7.60,57.00,49.40,34.98,70.81%,29.19%
Phila TUNA,PHILADELPHIA,Активно,Vibe,15.30,8,66.10,,62,55.8,4.464,51.336,36.03,70.19%,29.8%,99.46,95.00,38.00,7.60,57.00,49.40,34.10,69.03%,30.97%
Philadelia MIX,PHILADELPHIA,Активно,Vibe,14.28,8,61.68,,55,49.5,3.96,45.54,31.26,68.65%,31.4%,92.80,100.00,40.00,8.00,60.00,52.00,37.72,72.54%,27.46%
Phila EBI,PHILADELPHIA,Активно,Vibe,11.59,23,57.03,,55,49.5,11.385,38.115,26.52,69.59%,30.4%,75.35,80.00,32.00,6.40,48.00,41.60,30.01,72.13%,27.87%
Phila grill mango,PHILADELPHIA,Активно,Rice,9.19,8,28.28,33,33.6,33.6,2.688,30.912,21.73,70.28%,29.7%,59.72,46.60,18.64,3.73,27.96,24.23,15.05,62.09%,37.91%
Phila krewetka,PHILADELPHIA,Активно,Rice,8.30,23,29.09,34,34.6,34.6,7.958,26.642,18.34,68.85%,31.1%,53.94,47.60,19.04,3.81,28.56,24.75,16.45,66.47%,33.53%
Phila tuna,PHILADELPHIA,Активно,Rice,10.43,8,32.09,37,37.6,37.6,3.008,34.592,24.17,69.86%,30.1%,67.77,52.60,21.04,4.21,31.56,27.35,16.93,61.88%,38.12%
Phila wegorz,PHILADELPHIA,Активно,Rice,10.66,8,32.81,38,38.6,38.6,3.088,35.512,24.85,69.98%,30.0%,69.29,53.60,21.44,4.29,32.16,27.87,17.21,61.75%,38.25%
Phila CHEDDAR,PHILADELPHIA,Активно,Vibe,14.47,8,62.52,,60,54,4.32,49.68,35.21,70.87%,29.1%,94.07,115.00,46.00,9.20,69.00,59.80,45.33,75.80%,24.20%
Phila GRILL,PHILADELPHIA,Активно,Vibe,15.33,8,66.21,,65,58.5,4.68,53.82,38.49,71.52%,28.5%,99.61,130.00,52.00,10.40,78.00,67.60,52.27,77.33%,22.67%
Black Philadelphia,PHILADELPHIA,Активно,Vibe,15.04,8,64.95,,65,58.5,4.68,53.82,38.78,72.06%,27.9%,97.73,115.00,46.00,9.20,69.00,59.80,44.76,74.86%,25.14%
Phila WĘGORZ,PHILADELPHIA,Активно,Vibe,14.02,8,60.57,,60,54,4.32,49.68,35.66,71.78%,28.2%,91.14,100.00,40.00,8.00,60.00,52.00,37.98,73.04%,26.96%
Phila CHEESE,PHILADELPHIA,Активно,Vibe,12.18,8,52.62,,55,49.5,3.96,45.54,33.36,73.25%,26.7%,79.18,100.00,40.00,8.00,60.00,52.00,39.82,76.57%,23.43%
Nigiri ebi,NIGIRI,Активно,Vibe,4.29,23,21.10,,20,18,4.14,13.86,9.57,69.06%,30.9%,27.87,28.00,11.20,2.24,16.80,14.56,10.27,70.55%,29.45%
Nigiri tuna,NIGIRI,Активно,Vibe,6.74,8,29.11,,28,25.2,2.016,23.184,16.44,70.93%,29.1%,43.81,42.00,16.80,3.36,25.20,21.84,15.10,69.14%,30.86%
Nigiri unagi,NIGIRI,Активно,Vibe,6.74,8,29.11,,28,25.2,2.016,23.184,16.44,70.93%,29.1%,43.81,42.00,16.80,3.36,25.20,21.84,15.10,69.14%,30.86%
Nigiri łosoś,NIGIRI,Активно,Vibe,5.65,8,24.39,,26,23.4,1.872,21.528,15.88,73.77%,26.2%,36.70,42.00,16.80,3.36,25.20,21.84,16.19,74.14%,25.86%
Nigiri awokado,NIGIRI,Активно,Vibe,4.34,8,18.75,,20,18,1.44,16.56,12.22,73.79%,26.2%,28.21,28.00,11.20,2.24,16.80,14.56,10.22,70.20%,29.80%
Hoso takuan,HOSOMAKI,Активно,Rice,2.74,8,8.42,10,11.6,11.6,0.928,10.672,7.94,74.36%,25.6%,17.79,15.60,6.24,1.25,9.36,8.11,5.38,66.26%,33.74%
Hoso tamago,HOSOMAKI,Активно,Rice,3.18,8,9.78,11,11.6,11.6,0.928,10.672,7.50,70.23%,29.8%,20.65,15.60,6.24,1.25,9.36,8.11,4.94,60.84%,39.16%
Hoso tykwa,HOSOMAKI,Активно,Rice,3.00,8,9.23,11,11.6,11.6,0.928,10.672,7.67,71.89%,28.1%,19.50,15.60,6.24,1.25,9.36,8.11,5.11,63.02%,36.98%
Hoso ogorek,HOSOMAKI,Активно,Rice,3.03,8,9.34,11,11.6,11.6,0.928,10.672,7.64,71.57%,28.4%,19.72,15.60,6.24,1.25,9.36,8.11,5.08,62.59%,37.41%
Hoso krew panko,HOSOMAKI,Активно,Vibe,7.40,23,36.40,,28,25.2,5.796,19.404,12.01,61.87%,38.1%,48.09,40.00,16.00,3.20,24.00,20.80,13.40,64.43%,35.57%
Hoso awokado,HOSOMAKI,Активно,Rice,3.63,8,11.19,13,13.6,13.6,1.088,12.512,8.88,70.95%,29.0%,23.62,18.60,7.44,1.49,11.16,9.67,6.04,62.42%,37.58%
Hoso losos,HOSOMAKI,Активно,Rice,4.59,8,14.14,17,16.6,16.6,1.328,15.272,10.68,69.92%,30.1%,29.86,22.60,9.04,1.81,13.56,11.75,7.16,60.91%,39.09%
Hoso krewetka,HOSOMAKI,Активно,Vibe,6.58,23,32.37,,26,23.4,5.382,18.018,11.44,63.48%,36.5%,42.77,35.00,14.00,2.80,21.00,18.20,11.62,63.85%,36.15%
Hoso tuna,HOSOMAKI,Активно,Vibe,7.13,8,30.80,,28,25.2,2.016,23.184,16.05,69.25%,30.8%,46.34,45.00,18.00,3.60,27.00,23.40,16.27,69.53%,30.47%
Hoso tuna,HOSOMAKI,Активно,Rice,5.43,8,16.73,20,19.6,19.6,1.568,18.032,12.60,69.86%,30.1%,35.32,26.60,10.64,2.13,15.96,13.83,8.40,60.71%,39.29%
Hoso krewetka,HOSOMAKI,Активно,Rice,7.18,8,22.11,26,22.6,22.6,1.808,20.792,13.61,65.45%,34.5%,,31.60,12.64,2.53,18.96,16.43,9.25,56.29%,43.71%
Hoso grill,HOSOMAKI,Активно,Vibe,6.12,8,26.42,,25,22.5,1.8,20.7,14.58,70.45%,29.5%,39.76,35.00,14.00,2.80,21.00,18.20,12.08,66.39%,33.61%
Hoso surowy,HOSOMAKI,Активно,Vibe,6.01,8,25.96,,26,23.4,1.872,21.528,15.52,72.09%,27.9%,39.06,35.00,14.00,2.80,21.00,18.20,12.19,66.98%,33.02%
Hoso mango,HOSOMAKI,Активно,Vibe,4.13,8,17.84,,18,16.2,1.296,14.904,10.77,72.30%,27.7%,26.84,26.00,10.40,2.08,15.60,13.52,9.39,69.46%,30.54%
Hoso kanpyo,HOSOMAKI,Активно,Vibe,3.88,8,16.77,,18,16.2,1.296,14.904,11.02,73.95%,26.1%,25.24,25.00,10.00,2.00,15.00,13.00,9.12,70.13%,29.87%
Hoso ogórek,HOSOMAKI,Активно,Vibe,3.93,8,16.97,,18,16.2,1.296,14.904,10.97,73.64%,26.4%,25.54,25.00,10.00,2.00,15.00,13.00,9.07,69.78%,30.22%
Hoso serek,HOSOMAKI,Активно,Vibe,3.91,8,16.90,,18,16.2,1.296,14.904,10.99,73.74%,26.3%,25.44,25.00,10.00,2.00,15.00,13.00,9.09,69.90%,30.10%
Hoso awokado,HOSOMAKI,Активно,Vibe,4.73,8,20.43,,22,19.8,1.584,18.216,13.49,74.04%,26.0%,30.74,30.00,12.00,2.40,18.00,15.60,10.87,69.68%,30.32%
Hoso oshinko,HOSOMAKI,Активно,Vibe,3.53,8,15.26,,17,15.3,1.224,14.076,10.54,74.91%,25.1%,22.96,22.00,8.80,1.76,13.20,11.44,7.91,69.12%,30.88%
Gunk Ebi,GUNKANY,Активно,Vibe,6.40,23,31.48,,30,27,6.21,20.79,14.39,69.22%,30.8%,41.59,42.00,16.80,3.36,25.20,21.84,15.44,70.70%,29.30%
Gunk Maguro,GUNKANY,Активно,Vibe,6.65,8,28.72,,32,28.8,2.304,26.496,19.85,74.91%,25.1%,43.21,42.00,16.80,3.36,25.20,21.84,15.19,69.56%,30.44%
Gunk Łosoś,GUNKANY,Активно,Vibe,5.81,8,25.09,,28,25.2,2.016,23.184,17.38,74.95%,25.0%,37.75,42.00,16.80,3.36,25.20,21.84,16.03,73.41%,26.59%
Futo krew temp + krab - mix,FUTOMAKI,Выключенно,Rice,5.61,23,19.68,,17.6,17.6,4.048,13.552,7.94,58.57%,41.4%,36.50,,0.00,0.00,0.00,0.00,-5.61,,
Futo awokado,FUTOMAKI,Активно,Rice,4.66,8,14.36,17,17.6,17.6,1.408,16.192,11.53,71.19%,28.8%,30.32,24.60,9.84,1.97,14.76,12.79,8.13,63.54%,36.46%
Futo tatar tuna,FUTOMAKI,Выключенно,Rice,11.54,8,35.51,,37.6,37.6,3.008,34.592,23.06,66.65%,33.3%,74.98,,0.00,0.00,0.00,0.00,-11.54,,
Futo EBI,FUTOMAKI,Активно,Vibe,8.33,23,40.96,,35,31.5,7.245,24.255,15.93,65.67%,34.3%,54.12,55.00,22.00,4.40,33.00,28.60,20.27,70.89%,29.11%
Futo kalmar,FUTOMAKI,Активно,Rice,4.59,23,16.08,19,19.6,19.6,4.508,15.092,10.51,69.61%,30.4%,29.81,26.60,10.64,2.13,15.96,13.83,9.25,66.84%,33.16%
Futo surowy,FUTOMAKI,Активно,Rice,5.28,8,16.24,19,19.6,19.6,1.568,18.032,12.76,70.74%,29.3%,34.29,26.60,10.64,2.13,15.96,13.83,8.56,61.86%,38.14%
Futo grill,FUTOMAKI,Активно,Rice,5.14,8,15.81,18,19.6,19.6,1.568,18.032,12.89,71.51%,28.5%,33.39,26.60,10.64,2.13,15.96,13.83,8.69,62.86%,37.14%
Futo tuna,FUTOMAKI,Активно,Rice,5.63,8,17.32,20,20.6,20.6,1.648,18.952,13.33,70.31%,29.7%,36.57,28.60,11.44,2.29,17.16,14.87,9.25,62.17%,37.83%
Fibonacci roll,FUTOMAKI,Активно,Vibe,15.21,23,74.84,,70,63,14.49,48.51,33.30,68.64%,31.4%,98.88,50.00,20.00,4.00,30.00,26.00,10.79,41.49%,58.51%
Futo KREWETKA TEMPURA,FUTOMAKI,Активно,Vibe,8.72,23,42.89,,37,33.3,7.659,25.641,16.92,66.00%,34.0%,56.67,52.00,20.80,4.16,31.20,27.04,18.32,67.76%,32.24%
Futo TATAR,FUTOMAKI,Активно,Vibe,10.75,8,46.45,,42,37.8,3.024,34.776,24.02,69.08%,30.9%,69.89,85.00,34.00,6.80,51.00,44.20,33.45,75.67%,24.33%
Futo KRAB TEMPURA,FUTOMAKI,Активно,Vibe,13.88,23,68.27,,65,58.5,13.455,45.045,31.17,69.19%,30.8%,90.20,90.00,36.00,7.20,54.00,46.80,32.92,70.35%,29.65%
Futo FIRE HARMONY,FUTOMAKI,Активно,Vibe,10.70,23,52.65,,47,42.3,9.729,32.571,21.87,67.14%,32.9%,69.56,81.00,32.40,6.48,48.60,42.12,31.42,74.59%,25.41%
Futo krew temp,FUTOMAKI,Активно,Rice,5.61,23,19.65,23,23.6,23.6,5.428,18.172,12.57,69.15%,30.8%,36.44,32.60,13.04,2.61,19.56,16.95,11.35,66.93%,33.07%
Futo TUNA,FUTOMAKI,Активно,Vibe,8.83,8,38.17,,37,33.3,2.664,30.636,21.80,71.16%,28.8%,57.43,56.00,22.40,4.48,33.60,29.12,20.29,69.66%,30.34%
Futo krewetka,FUTOMAKI,Активно,Rice,6.61,23,23.19,27,27.6,27.6,6.348,21.252,14.64,68.87%,31.1%,43.00,38.60,15.44,3.09,23.16,20.07,13.46,67.04%,32.96%
Futo SUROWY,FUTOMAKI,Активно,Vibe,7.81,8,33.73,,35,31.5,2.52,28.98,21.17,73.06%,26.9%,50.75,63.00,25.20,5.04,37.80,32.76,24.95,76.17%,23.83%
Futo ŁOSOŚ TEMPURA,FUTOMAKI,Активно,Vibe,8.84,8,38.19,,40,36,2.88,33.12,24.28,73.31%,26.7%,57.47,63.00,25.20,5.04,37.80,32.76,23.92,73.01%,26.99%
Futo GRILL,FUTOMAKI,Активно,Vibe,7.51,8,32.43,,35,31.5,2.52,28.98,21.47,74.10%,25.9%,48.79,63.00,25.20,5.04,37.80,32.76,25.25,77.09%,22.91%
Futo KALMAR TEMPURA,FUTOMAKI,Активно,Vibe,5.70,23,28.04,,32,28.8,6.624,22.176,16.48,74.30%,25.7%,37.05,40.00,16.00,3.20,24.00,20.80,15.10,72.60%,27.40%
Futo FRESH ROLL,FUTOMAKI,Активно,Vibe,6.39,8,27.60,,32,28.8,2.304,26.496,20.11,75.89%,24.1%,41.53,45.00,18.00,3.60,27.00,23.40,17.01,72.69%,27.31%
Calif grill z awokado góra,CALIFORNIA,Выключенно,Rice,9.07,8,27.92,,30.6,30.6,2.448,28.152,19.08,67.78%,32.2%,58.96,55.60,22.24,4.45,33.36,28.91,19.84,68.62%,31.38%
Calif grill z cheddarem,CALIFORNIA,Выключенно,Rice,7.67,8,23.60,,26.6,26.6,2.128,24.472,16.80,68.67%,31.3%,49.84,46.60,18.64,3.73,27.96,24.23,16.56,68.35%,31.65%
Maguro-mango roll,CALIFORNIA,Активно,Rice,8.05,8,24.79,29,29.6,29.6,2.368,27.232,19.18,70.42%,29.6%,52.36,40.60,16.24,3.25,24.36,21.11,13.06,61.85%,38.15%
Awokado Premium,CALIFORNIA,Активно,Rice,8.86,8,27.28,32,32.6,32.6,2.608,29.992,21.13,70.45%,29.6%,57.61,45.60,18.24,3.65,27.36,23.71,14.85,62.62%,37.38%
Kurimi roll,CALIFORNIA,Активно,Rice,9.28,8,28.55,33,33.6,33.6,2.688,30.912,21.64,69.99%,30.0%,60.29,46.60,18.64,3.73,27.96,24.23,14.96,61.72%,38.28%
Calif krew temp,CALIFORNIA,Активно,Rice,8.56,23,30.00,35,33.6,33.6,7.728,25.872,17.31,66.93%,33.1%,55.62,46.60,18.64,3.73,27.96,24.23,15.67,64.69%,35.31%
Calif krewetka 16/20,CALIFORNIA,Активно,Vibe,15.05,23,74.05,,60,54,12.42,41.58,26.53,63.80%,36.2%,97.84,80.00,32.00,6.40,48.00,41.60,26.55,63.82%,36.18%
Naoki roll,CALIFORNIA,Активно,Rice,8.77,8,26.99,,36.6,36.6,2.928,33.672,24.90,73.96%,26.0%,57.00,50.60,20.24,4.05,30.36,26.31,17.54,66.67%,33.33%
Osaka roll,CALIFORNIA,Активно,Rice,11.67,8,35.93,,41.6,41.6,3.328,38.272,26.60,69.50%,30.5%,75.89,57.60,23.04,4.61,34.56,29.95,18.28,61.02%,38.98%
Ebi premium,CALIFORNIA,Активно,Rice,10.82,23,37.94,44,44.6,44.6,10.258,34.342,23.52,68.48%,31.5%,70.36,61.60,24.64,4.93,36.96,32.03,21.21,66.21%,33.79%
Tiger Dragon,CALIFORNIA,Активно,Rice,11.81,23,41.39,,47.6,47.6,10.948,36.652,24.85,67.79%,32.2%,76.74,66.60,26.64,5.33,39.96,34.63,22.83,65.91%,34.09%
Nanami roll,CALIFORNIA,Активно,Rice,12.61,23,44.22,,48.6,48.6,11.178,37.422,24.81,66.29%,33.7%,82.00,67.60,27.04,5.41,40.56,35.15,22.54,64.11%,35.89%
Calif LOSOS I SEZAM,CALIFORNIA,Активно,Vibe,11.69,8,50.51,,50,45,3.6,41.4,29.71,71.76%,28.2%,75.99,,0.00,0.00,0.00,0.00,-11.69,,
Unagi premium,CALIFORNIA,Активно,Rice,13.98,23,49.01,57,49.6,49.6,11.408,38.192,24.21,63.39%,36.6%,90.88,68.60,27.44,5.49,41.16,35.67,21.69,60.81%,39.19%
California TUNA,CALIFORNIA,Активно,Vibe,13.22,8,57.12,,55,49.5,3.96,45.54,32.32,70.97%,29.0%,85.95,90.00,36.00,7.20,54.00,46.80,33.58,71.75%,28.25%
California KREW PANKO,CALIFORNIA,Активно,Vibe,10.50,23,51.64,,50,45,10.35,34.65,24.15,69.71%,30.3%,68.23,65.00,26.00,5.20,39.00,33.80,23.30,68.95%,31.05%
California SUROWY,CALIFORNIA,Активно,Vibe,12.98,8,56.08,,56,50.4,4.032,46.368,33.39,72.00%,28.0%,84.39,90.00,36.00,7.20,54.00,46.80,33.82,72.26%,27.74%
California RAINBOW,CALIFORNIA,Активно,Vibe,15.34,8,66.26,,65,58.5,4.68,53.82,38.48,71.50%,28.5%,99.69,100.00,40.00,8.00,60.00,52.00,36.66,70.51%,29.49%
California GRILL,CALIFORNIA,Активно,Vibe,11.50,8,49.68,,55,49.5,3.96,45.54,34.04,74.75%,25.3%,74.76,90.00,36.00,7.20,54.00,46.80,35.30,75.43%,24.57%
C Black Surowy,CALIFORNIA,Активно,Vibe,12.98,8,56.06,,70,63,5.04,57.96,44.98,77.61%,22.4%,84.35,100.00,40.00,8.00,60.00,52.00,39.02,75.05%,24.95%
California KRAB,CALIFORNIA,Активно,Vibe,7.71,8,33.33,,45,40.5,3.24,37.26,29.55,79.30%,20.7%,50.14,60.00,24.00,4.80,36.00,31.20,23.49,75.28%,24.72%
Margherita,PIZZA,Выключенно,Rice,8.17,8,25.15,,32.9,32.9,2.632,30.268,22.10,73.01%,27.0%,53.11,,0.00,0.00,0.00,0.00,-8.17,,
Pepperoni,PIZZA,Выключенно,Rice,10.10,8,31.09,,39.9,39.9,3.192,36.708,26.61,72.48%,27.5%,65.66,,0.00,0.00,0.00,0.00,-10.10,,
Capricciosa,PIZZA,Выключенно,Rice,12.42,8,38.24,,40.9,40.9,3.272,37.628,25.20,66.98%,33.0%,80.76,,0.00,0.00,0.00,0.00,-12.42,,
Hawaii,PIZZA,Выключенно,Rice,13.21,8,40.65,,40.9,40.9,3.272,37.628,24.42,64.90%,35.1%,85.84,,0.00,0.00,0.00,0.00,-13.21,,
Salmon wakame Bowl,BOWL,Активно,Vibe,12.03,8,51.97,,49,44.1,3.528,40.572,28.54,70.35%,29.7%,78.19,,0.00,0.00,0.00,0.00,-12.03,,
Shrimp Bowl,BOWL,Активно,Vibe,14.75,23,72.56,,50,45,10.35,34.65,19.90,57.44%,42.6%,95.86,,0.00,0.00,0.00,0.00,-14.75,,
Crunch tempura Bowl,BOWL,Активно,Vibe,14.99,23,73.75,,52,46.8,10.764,36.036,21.05,58.40%,41.6%,97.44,,0.00,0.00,0.00,0.00,-14.99,,
Phila KRAB-MIX,PHILADELPHIA,Активно,Vibe,12.66,8,54.68,,55,49.5,3.96,45.54,32.88,72.21%,27.8%,82.27,,0.00,0.00,0.00,0.00,-12.66,,
Miso ramen,RAMEN,Разработка,Vibe,12.71,8,54.91,,45,40.5,3.24,37.26,24.55,65.89%,34.1%,82.62,,0.00,0.00,0.00,0.00,-12.71,,
Tantamen ramen,RAMEN,Разработка,Vibe,18.48,8,79.83,,55,49.5,3.96,45.54,27.06,59.42%,40.6%,120.12,,0.00,0.00,0.00,0.00,-18.48,,
,,188,,,,,,,,,,31.78,70.43%,29.6%,,,,,,,,,